Track URI,Track Name,Album Name,Artist Name(s),Release Date,Duration (ms),Popularity,Explicit,Added By,Added At,Genres,Record Label,Danceability,Energy,Key,Loudness,Mode,Speechiness,Acousticness,Instrumentalness,Liveness,Valence,Tempo,Time Signature
spotify:track:1evNGOcp8vaKyacZ3p20NJ,"Starboy","Starboy","T3NZU",2023-12-23,152125,20,true,31fk7r2twiddpapb5cqweuygxwky,2025-04-11T19:08:50Z,"","Punisher Records",0.635,0.89,6,-6.423,0,0.275,0.114,0.0000119,0.371,0.386,115.923,4
spotify:track:6tHtsHN25Zx5sZlvhtY8NJ,"People You Know x Starboy","People You Know x Starboy","Ren",2023-04-14,131428,45,true,31fk7r2twiddpapb5cqweuygxwky,2025-04-11T19:08:58Z,"","ATMOSWAVE",0.871,0.448,7,-11.748,1,0.141,0.297,0.339,0.343,0.405,104.97,4
spotify:track:5ZKG94fnjiuMH5yrC5S9lS,"One Dance","Views","Drake;Wizkid;Kyla",2016-05-06,173973,61,false,31fk7r2twiddpapb5cqweuygxwky,2025-04-11T19:09:22Z,"rap,afrobeats,afrobeat,afropop,azonto,afroswing,afro r&b,afropiano","Cash Money Records/Young Money Ent./Universal Rec.",0.788,0.605,1,-5.586,1,0.0578,0.00899,0.00275,0.318,0.427,103.94,4
spotify:track:5XeFesFbtLpXzIVDNQP22n,"I Wanna Be Yours","AM","Arctic Monkeys",2013-09-09,183956,91,false,31fk7r2twiddpapb5cqweuygxwky,2025-04-11T19:09:41Z,"indie,garage rock","Domino Recording Co",0.464,0.417,0,-9.345,0,0.0256,0.136,0.022,0.0974,0.479,67.528,4
spotify:track:3GCdLUSnKSMJhs4Tj6CV3s,"All The Stars (with SZA) - From ""Black Panther: The Album""","Black Panther The Album Music From And Inspired By","Kendrick Lamar;SZA",2018-02-09,232186,89,true,31fk7r2twiddpapb5cqweuygxwky,2025-04-11T19:12:34Z,"hip hop,west coast hip hop,r&b","Black Panther (TDE/DMG) PS",0.695,0.633,8,-4.946,1,0.0599,0.0612,0.000195,0.0926,0.557,96.782,4
spotify:track:6t3BjzjjLwJX6lWRNKTR3f,"Good For You x One Of The Girls - Sped Up","Good For You x One Of The Girls","dreamsoda",2024-10-05,128075,53,false,31fk7r2twiddpapb5cqweuygxwky,2025-04-11T19:14:57Z,"","dreamsoda",0.566,0.668,3,-7.931,0,0.032,0.0281,0.00741,0.258,0.315,101.984,4
spotify:track:0VjIjW4GlUZAMYd2vXMi3b,"Blinding Lights","After Hours","The Weeknd",2020-03-20,200040,89,false,31fk7r2twiddpapb5cqweuygxwky,2025-04-11T19:15:20Z,"","Republic Records",0.513,0.73,1,-5.94,1,0.0598,0.00143,0.0000954,0.0897,0.334,171.001,4
spotify:track:3KkXRkHbMCARz0aVfEt68P,"Sunflower - Spider-Man: Into the Spider-Verse","Spider-Man: Into the Spider-Verse (Soundtrack From & Inspired by the Motion Picture)","Post Malone;Swae Lee",2018-12-14,158040,82,false,31fk7r2twiddpapb5cqweuygxwky,2025-04-11T19:15:38Z,"","Universal Records",0.76,0.478,2,-5.574,1,0.0467,0.552,0,0.0703,0.913,89.908,4
spotify:track:7MXVkk9YMctZqd1Srtv4MB,"Starboy","Starboy","The Weeknd;Daft Punk",2016-11-25,230453,89,true,31fk7r2twiddpapb5cqweuygxwky,2025-04-11T19:17:22Z,"french house,electronic,electro","Universal Republic Records",0.679,0.587,7,-7.015,1,0.276,0.141,0.00000635,0.137,0.486,186.003,4
spotify:track:48QmG1dfvMuYLxMPt7KSRA,"No Lie","Mad Love The Prequel","Sean Paul;Dua Lipa",2018-06-29,221176,83,false,31fk7r2twiddpapb5cqweuygxwky,2025-04-11T19:17:35Z,"dancehall,pop","Universal-Island Records Ltd.",0.742,0.882,7,-2.862,1,0.117,0.0466,0,0.206,0.463,102.04,4
spotify:track:54PbBpquVfhfrwRwvjSXbI,"We Don't Talk Anymore (feat. Selena Gomez)","Nine Track Mind (Special Edition)","Charlie Puth;Selena Gomez",2015-11-05,217706,81,false,31fk7r2twiddpapb5cqweuygxwky,2025-04-11T19:17:50Z,"soft pop,pop","Artist Partner",0.728,0.563,1,-8.053,0,0.134,0.621,0,0.179,0.352,100.017,4
spotify:track:4L8sBaAooAZpuYyDZTsxIe,"One Kiss X I Was Never There","One Kiss X I Was Never There","Farizki",2020-05-01,171305,55,false,31fk7r2twiddpapb5cqweuygxwky,2025-04-11T19:18:57Z,"","MUSICPEDIA",0.662,0.672,11,-5.189,0,0.0435,0.0953,0.000192,0.1,0.443,124.014,4
spotify:track:2qxmye6gAegTMjLKEBoR3d,"Let Me Down Slowly","Narrated For You","Alec Benjamin",2018-11-16,169353,81,false,31fk7r2twiddpapb5cqweuygxwky,2025-04-11T19:20:16Z,"","2018",0.652,0.557,1,-5.714,0,0.0318,0.74,0,0.124,0.483,150.073,4
spotify:track:1SOClUWhOi8vHZYMz3GluK,"Infinity","Feel Something","Jaymes Young",2017-06-23,237720,78,false,31fk7r2twiddpapb5cqweuygxwky,2025-04-11T19:21:23Z,"","Atlantic Records",0.671,0.673,11,-6.941,0,0.0444,0.148,0.0000529,0.304,0.494,121.963,4
spotify:track:0lYBSQXN6rCTvUZvg9S0lU,"Let Me Love You","Encore","DJ Snake;Justin Bieber",2016-08-05,205946,86,false,31fk7r2twiddpapb5cqweuygxwky,2025-04-11T19:24:29Z,"","DJ Snake Def Jam",0.475,0.715,8,-5.371,1,0.058,0.0863,0.0000267,0.135,0.159,199.892,4
spotify:track:0u2P5u6lvoDfwTYjAADbn4,"lovely (with Khalid)","lovely (with Khalid)","Billie Eilish;Khalid",2018-04-19,200185,87,false,31fk7r2twiddpapb5cqweuygxwky,2025-04-11T19:24:59Z,"","Darkroom",0.351,0.296,4,-10.109,0,0.0333,0.934,0,0.095,0.12,115.284,4
spotify:track:37F0uwRSrdzkBiuj0D5UHI,"Reminder","Starboy","The Weeknd",2016-11-25,218880,81,true,31fk7r2twiddpapb5cqweuygxwky,2025-04-11T19:26:04Z,"","Universal Republic Records",0.705,0.505,8,-6.923,1,0.193,0.142,0,0.164,0.388,160.053,4
spotify:track:3C0nOe05EIt1390bVABLyN,"On The Floor","Love?","Jennifer Lopez;Pitbull",2011-04-29,284866,81,false,31fk7r2twiddpapb5cqweuygxwky,2025-04-11T19:29:41Z,"","Nuyorican Productions / IDJ",0.73,0.777,3,-5.194,0,0.0496,0.105,0.000486,0.0691,0.575,130.003,4
spotify:track:46u5B2WN4wryYLZuMAOmI4,"Hurts So Good","Leave It Beautiful (Complete)","Astrid S",2021-03-05,208728,70,false,31fk7r2twiddpapb5cqweuygxwky,2025-04-11T19:35:51Z,"norwegian pop","Universal Music AS",0.672,0.625,7,-5.068,0,0.0468,0.0774,0,0.0934,0.423,120.038,4
spotify:track:0qOnSQQF0yzuPWsXrQ9paz,"Stereo Hearts (feat. Adam Levine)","The Papercut Chronicles II","Gym Class Heroes;Adam Levine",2011-11-11,210960,82,false,31fk7r2twiddpapb5cqweuygxwky,2025-04-11T19:38:16Z,"","Decaydance/Fueled By Ramen",0.646,0.795,9,-3.293,1,0.0976,0.0319,0,0.267,0.796,89.99,4
spotify:track:0TK2YIli7K1leLovkQiNik,"Señorita","Señorita","Shawn Mendes;Camila Cabello",2019-06-21,190960,79,false,31fk7r2twiddpapb5cqweuygxwky,2025-04-11T19:56:10Z,"","Island Records",0.759,0.54,9,-6.039,0,0.0287,0.037,0,0.0945,0.75,116.947,4
spotify:track:56kvaa4HjkDdKPI6FQi2ou,"Sweater Weather","Sweater Weather","Lunity",2021-04-14,205557,28,false,31fk7r2twiddpapb5cqweuygxwky,2025-04-11T19:58:26Z,"","Lunity",0.71,0.684,11,-5.842,1,0.0306,0.242,0,0.24,0.506,120.016,4
spotify:track:76f1SAj5CPwJ7VFtQaZAlM,"Alone - From ""Black Panther: Wakanda Forever - Music From and Inspired By""/Soundtrack Version","Hit - List Vol 17","Burna Boy",2023-05-30,221746,36,false,31fk7r2twiddpapb5cqweuygxwky,2025-04-11T19:59:44Z,"afrobeats,afrobeat,afropop,afroswing,dancehall,afropiano","UME - Global Clearing House",0.6,0.659,4,-7.264,0,0.0542,0.176,0,0.111,0.307,89.955,4
spotify:track:39LLxExYz6ewLAcYrzQQyP,"Levitating","Future Nostalgia","Dua Lipa",2020-03-27,203807,79,false,31fk7r2twiddpapb5cqweuygxwky,2025-04-11T20:00:58Z,"pop","Warner Records",0.695,0.884,6,-2.278,0,0.0753,0.0561,0,0.213,0.914,103.014,4
spotify:track:6meWLlDbWZQ1cOglIPt6W7,"Bilionera","Bilionera","Otilia",2017,185202,60,false,31fk7r2twiddpapb5cqweuygxwky,2025-04-11T20:04:55Z,"","Roton Music",0.666,0.816,3,-3.84,0,0.0514,0.0464,0.00402,0.114,0.834,170.169,4
spotify:track:1bs6p6inZBJxQOPiivRtv5,"People (Cover)","People (Cover)","J Kree",2023-03-17,97121,25,false,31fk7r2twiddpapb5cqweuygxwky,2025-04-13T04:01:48Z,"","Blu Nation Recording",0.632,0.525,10,-7.799,0,0.06,0.578,0,0.117,0.685,197.825,4
spotify:track:7CyPwkp0oE8Ro9Dd5CUDjW,"One Of The Girls (with JENNIE, Lily Rose Depp)","The Idol Episode 4 (Music from the HBO Original Series)","The Weeknd;JENNIE;Lily-Rose Depp",2023-06-23,244684,91,false,31fk7r2twiddpapb5cqweuygxwky,2025-04-13T04:04:29Z,"k-pop","XO / Republic Records",0.264,0.64,8,-6.221,1,0.0442,0.0393,0.00000231,0.151,0.19,84.828,4
spotify:track:7rMFqTtDjzTVQTdD0fQCwf,"Starry Eyed","Starry Eyed","Jane & The Boy",2021-02-05,185880,45,false,31fk7r2twiddpapb5cqweuygxwky,2025-04-19T07:11:51Z,"","Artlist Original",0.721,0.73,7,-8.078,1,0.0379,0.0653,0.00000408,0.0663,0.65,110.014,4
spotify:track:3USxtqRwSYz57Ewm6wWRMp,"Heat Waves","Dreamland","Glass Animals",2020-08-07,238805,85,false,31fk7r2twiddpapb5cqweuygxwky,2025-04-19T07:12:43Z,"","Polydor Records",0.761,0.525,11,-6.9,1,0.0944,0.44,0.0000067,0.0921,0.531,80.87,4
spotify:track:2tpWsVSb9UEmDRxAl1zhX1,"Counting Stars","Native","OneRepublic",2013-01-01,257265,87,false,31fk7r2twiddpapb5cqweuygxwky,2025-04-19T07:12:57Z,"soft pop","Mosley / Interscope",0.663,0.706,1,-4.972,0,0.0383,0.0654,0,0.118,0.474,122.013,4
spotify:track:3eekarcy7kvN4yt5ZFzltW,"HIGHEST IN THE ROOM","HIGHEST IN THE ROOM","Travis Scott",2019-10-04,175720,83,true,31fk7r2twiddpapb5cqweuygxwky,2025-04-28T13:16:00Z,"rap","Cactus Jack/Epic",0.598,0.427,7,-8.764,0,0.0317,0.0546,0.00000583,0.21,0.0605,76.469,4
spotify:track:0RE4crnT3jRms1xxVlEZx2,"Bad boy","Loud","Marwa Loud",2018-03-09,187844,68,false,31fk7r2twiddpapb5cqweuygxwky,2025-04-30T06:02:23Z,"pop urbaine,french r&b,moroccan pop","Purple Money",0.796,0.496,9,-8.165,0,0.0388,0.431,0.00000551,0.0781,0.716,97.988,4
spotify:track:2p8IUWQDrpjuFltbdgLOag,"After Hours","After Hours","The Weeknd",2020-03-20,361026,81,false,31fk7r2twiddpapb5cqweuygxwky,2025-05-14T02:55:20Z,"","Republic Records",0.658,0.572,5,-6.099,0,0.0308,0.0811,0.0061,0.121,0.144,108.968,4
spotify:track:27NV2KxoQ8WuLMqlTDI61F,"Often - Kygo Remix","Often (Kygo Remix)","The Weeknd;Kygo",2015-04-07,234400,64,true,31fk7r2twiddpapb5cqweuygxwky,2025-05-14T02:55:48Z,"tropical house","Universal Republic Records",0.583,0.491,7,-9.876,0,0.0503,0.124,0,0.331,0.391,79.975,4
spotify:track:2NWayVAHgSjwA3mtzVkx84,"JUDAS FUNK!","EVOLUTION FUNK VOL. II","RVNGE;xlout;FUNK DEMON;EVO",2024-11-11,133740,33,false,31fk7r2twiddpapb5cqweuygxwky,2025-05-15T08:34:16Z,"phonk,brazilian phonk","EVO79",0.621,0.793,0,-1.305,0,0.0907,0.145,0.808,0.256,0.629,131.017,4
spotify:track:7oDd86yk8itslrA9HRP2ki,"Die For You - Remix","Die For You (Remix)","The Weeknd;Ariana Grande",2023-02-24,232857,73,false,31fk7r2twiddpapb5cqweuygxwky,2025-05-15T15:33:51Z,"pop","XO / Republic Records",0.531,0.525,1,-6.5,0,0.0671,0.232,0,0.441,0.502,66.9,4
spotify:track:2fFr6V8XnUyjcA7s4tQ5rF,"Free Fire World Series I","Free Fire Orignal Soundtrack Vol. 1","Garena Free Fire",2020-03-11,65449,35,false,31fk7r2twiddpapb5cqweuygxwky,2025-05-23T07:47:31Z,"","Garena Free Fire",0.303,0.506,7,-17.3,1,0.231,0.0906,0.925,0.577,0.608,174.72,3
spotify:track:2eAvDnpXP5W0cVtiI0PUxV,"Dandelions","Safe Haven","Ruth B.",2017-05-05,233720,85,false,31fk7r2twiddpapb5cqweuygxwky,2025-06-07T19:13:18Z,"","Columbia",0.609,0.692,1,-2.958,1,0.0259,0.0157,0,0.0864,0.454,116.959,3
spotify:track:0zaoWwS8RpE3LSDdmkg8TC,"In The Dark (with Jhené Aiko)","Shang-Chi and The Legend of The Ten Rings: The Album","Swae Lee;Jhené Aiko",2021-09-03,161146,54,false,31fk7r2twiddpapb5cqweuygxwky,2025-06-12T19:46:04Z,"r&b","MARVEL/Hollywood Records, Inc./Interscope Records",0.686,0.654,6,-6.7,1,0.0936,0.433,0,0.108,0.663,98.077,4
spotify:track:6v8mSl4GZXok3Ebe9x4Jmr,"Mood - Lofi","Mood (Lofi)","Yagih Mael",2021-11-10,162664,64,false,31fk7r2twiddpapb5cqweuygxwky,2025-06-19T05:41:43Z,"","FRTYFVE",0.657,0.266,2,-16.744,1,0.203,0.8,0.0000023,0.111,0.363,160.033,4
spotify:track:2qSkIjg1o9h3YT9RAgYN75,"Espresso","Espresso","Sabrina Carpenter",2024-04-12,175459,84,true,31fk7r2twiddpapb5cqweuygxwky,2025-07-16T12:07:52Z,"pop","Island Records",0.701,0.76,0,-5.478,1,0.0285,0.107,0.0000654,0.185,0.69,103.969,4
spotify:track:7LHAKF7pBqHch8o6Yo0ad5,"Suzume (feat. Toaka)","Suzume (feat. Toaka)","RADWIMPS;Toaka",2022-09-30,236390,63,false,31fk7r2twiddpapb5cqweuygxwky,2025-07-20T09:11:28Z,"anime,j-pop,j-rock","voque ting co.,ltd.",0.571,0.415,2,-6.572,0,0.0305,0.615,0,0.187,0.342,78.025,4
spotify:track:5cF0dROlMOK5uNZtivgu50,"Attention","Voicenotes","Charlie Puth",2018-05-11,208786,87,false,31fk7r2twiddpapb5cqweuygxwky,2025-07-23T11:24:32Z,"soft pop,pop","Artist Partner",0.775,0.613,3,-4.586,0,0.0542,0.109,0.0000233,0.134,0.797,100.066,4
spotify:track:4F7A0DXBrmUAkp32uenhZt,"Party Monster","Starboy","The Weeknd",2016-11-25,249213,78,true,31fk7r2twiddpapb5cqweuygxwky,2025-07-24T14:25:52Z,"","Universal Republic Records",0.573,0.63,1,-8.389,1,0.105,0.189,0.0000231,0.259,0.218,77.525,4
spotify:track:1yKA5lS65ylEd4nhUBF8E9,"Body","It's Complicated","Blake Schmitz",2025-06-01,147727,38,false,31fk7r2twiddpapb5cqweuygxwky,2025-07-25T05:28:06Z,"","Blake Schmitz",0.849,0.787,5,-6.578,0,0.0427,0.304,0,0.174,0.961,132.066,4
spotify:track:3AWDeHLc88XogCaCnZQLVI,"Cry For Me","Hurry Up Tomorrow","The Weeknd",2025-01-31,224136,82,true,31fk7r2twiddpapb5cqweuygxwky,2025-07-25T13:55:00Z,"","XO / Republic Records",0.647,0.645,7,-6.425,0,0.0303,0.0871,0,0.671,0.422,120.098,4
spotify:track:0zpaJ34ppo7HV7ZZkBCTdc,"Parano (feat. DDB) - sped up","Parano (feat. DDB)","фрози;DDB",2025-04-11,104227,56,false,31fk7r2twiddpapb5cqweuygxwky,2025-07-26T06:48:40Z,"kompa","Ultra Records, LLC",0.666,0.591,7,-5.537,0,0.0278,0.68,0.631,0.265,0.285,104.829,4
spotify:track:0FIDCNYYjNvPVimz5icugS,"Timeless (feat Playboi Carti)","Hurry Up Tomorrow","The Weeknd;Playboi Carti",2025-01-31,256000,90,true,31fk7r2twiddpapb5cqweuygxwky,2025-07-27T13:35:45Z,"rage rap","XO / Republic Records",0.768,0.775,11,-5.06,0,0.0466,0.069,0.00000296,0.138,0.6,119.999,4
spotify:track:3rUGC1vUpkDG9CZFHMur1t,"greedy","greedy","Tate McRae",2023-09-15,131872,88,true,31fk7r2twiddpapb5cqweuygxwky,2025-07-29T12:03:51Z,"","RCA Records Label",0.749,0.729,6,-3.19,0,0.0321,0.261,0,0.113,0.816,111.004,1
spotify:track:22I3h5AOENlH4CqXJsEbFR,"Collide (feat. Tyga)","Collide (feat. Tyga)","Justine Skye;Tyga",2014-08-25,260169,70,true,31fk7r2twiddpapb5cqweuygxwky,2025-07-30T03:06:26Z,"","Nynetineth LLC",0.418,0.31,11,-9.869,0,0.0625,0.095,0,0.216,0.131,139.614,4
spotify:track:1U8bjlfXHvWG3pcSu9485J,"diamonds - sped up + reverb","diamonds - sped up + reverb","pearl;fast forward >>;Tazzy",2022-04-01,188342,42,false,31fk7r2twiddpapb5cqweuygxwky,2025-07-30T06:32:36Z,"hypertechno,hardstyle,nightcore","Afterpeak Music Group",0.689,0.747,2,-8.232,0,0.0386,0.223,0,0.139,0.639,108.575,4
spotify:track:4Gg1tYCl7rWR4laKbdtPA4,"Daylight","Daylight","David Kushner",2023-04-14,212953,71,false,31fk7r2twiddpapb5cqweuygxwky,2025-07-30T06:33:13Z,"","Miserable Music Group",0.508,0.43,2,-9.475,0,0.0335,0.83,0.000441,0.093,0.324,130.09,4
spotify:track:5pMPNxZz50iup8cXchRHxm,"Cupid - Twin Version","The Beginning: Cupid","FIFTY FIFTY",2023-02-24,174253,66,false,31fk7r2twiddpapb5cqweuygxwky,2025-08-06T03:17:46Z,"k-pop","ATTRAKT",0.783,0.592,11,-8.332,0,0.0331,0.435,0.00000415,0.347,0.726,120.018,4
spotify:track:6nGeLlakfzlBcFdZXteDq7,"Love Story","Mini World","Indila",2014-01-01,316280,77,false,31fk7r2twiddpapb5cqweuygxwky,2025-08-08T15:02:40Z,"french pop","Universal Music Division Island Def Jam",0.375,0.255,10,-12.279,0,0.0377,0.815,0,0.0845,0.331,95.978,3
spotify:track:0Eqm1msB6wpMo9PgMOsAIx,"Satin","สวัสดีค้าบ","YUNGTARR",2024-12-05,193417,64,true,31fk7r2twiddpapb5cqweuygxwky,2025-08-09T15:03:33Z,"thai hip hop,thai trap","dhavision",0.667,0.399,2,-10.861,1,0.0295,0.833,0,0.0923,0.364,93.982,4
spotify:track:5ITV0zqzjOYfFWpW0xBmRa,"Show Me Love","Show Me Love","WizTheMc;bees & honey",2025-02-07,176965,87,false,31fk7r2twiddpapb5cqweuygxwky,2025-08-12T19:51:08Z,"","Bamboo Artists",0.714,0.691,1,-7.333,1,0.0434,0.0212,0.000292,0.111,0.155,107.15,4
spotify:track:2McvcH3pdgPVklNTGRhODP,"Parano (feat. DDB)","Parano (feat. DDB)","фрози;DDB",2025-04-11,116791,68,false,31fk7r2twiddpapb5cqweuygxwky,2025-08-12T19:51:37Z,"kompa","Ultra Records, LLC",0.663,0.537,5,-5.88,0,0.0284,0.725,0.515,0.258,0.236,93.593,4
spotify:track:0KRGKolp8RuDfiu8galW4q,"1 OF 1","1 OF 1","SURIYA MQT",2025-06-19,124428,57,false,31fk7r2twiddpapb5cqweuygxwky,2025-08-13T16:38:30Z,"thai hip hop,thai trap,t-pop","Suriya",0.722,0.309,6,-15.297,1,0.169,0.871,0.0000183,0.191,0.499,113.333,5
spotify:track:2TnfUjv4rwqskSHCj4NY7b,"En nuit","Euphories","Videoclub",2021-01-29,221106,71,false,31fk7r2twiddpapb5cqweuygxwky,2025-08-15T11:52:58Z,"french indie pop,french pop","Petit Lion Productions",0.639,0.687,11,-8.417,0,0.0351,0.114,0.0815,0.128,0.36,99.995,4
spotify:track:2mdEsXPu8ZmkHRRtAdC09e,"Cinnamon Girl","Norman Fucking Rockwell!","Lana Del Rey",2019-08-30,300683,86,false,31fk7r2twiddpapb5cqweuygxwky,2025-08-15T12:04:14Z,"","Polydor Records",0.294,0.337,6,-10.614,0,0.036,0.814,0.414,0.14,0.135,91.781,5
spotify:track:09CtPGIpYB4BrO8qb1RGsF,"Sorry","Purpose (Deluxe)","Justin Bieber",2015-11-13,200786,85,false,31fk7r2twiddpapb5cqweuygxwky,2025-08-17T15:01:24Z,"","RBMG/Def Jam",0.655,0.76,0,-3.669,0,0.045,0.0797,0,0.299,0.409,99.947,4
spotify:track:7qiZfU4dY1lWllzX7mPBI3,"Shape of You","÷ (Deluxe)","Ed Sheeran",2017-03-03,233712,88,false,31fk7r2twiddpapb5cqweuygxwky,2025-08-18T04:15:55Z,"soft pop","Atlantic Records UK",0.825,0.652,1,-3.183,0,0.0802,0.581,0,0.0931,0.931,95.977,4
spotify:track:7DnAm9FOTWE3cUvso43HhI,"Sweet but Psycho","Heaven & Hell","Ava Max",2020-09-18,187436,82,false,31fk7r2twiddpapb5cqweuygxwky,2025-08-21T09:21:58Z,"","Atlantic Records",0.72,0.706,1,-4.719,1,0.0473,0.0684,0,0.166,0.62,133.002,4
spotify:track:3BJe4B8zGnqEdQPMvfVjuS,"Summertime Sadness","Born To Die - The Paradise Edition","Lana Del Rey",2012-01-01,265427,83,false,31fk7r2twiddpapb5cqweuygxwky,2025-08-22T18:52:40Z,"","Polydor Records",0.565,0.654,1,-6.826,0,0.0335,0.0542,0.0000018,0.122,0.235,111.968,4
spotify:track:0wEeW8Bwr0fHXuS2zLiDXk,"Duvet - Sped Up Version","Duvet","bôa",2023-03-17,182792,62,false,31fk7r2twiddpapb5cqweuygxwky,2025-08-23T15:10:44Z,"","Nettwerk Music Group",0.59,0.839,1,-9.14,0,0.0274,0.274,0.0038,0.105,0.651,104.605,4
spotify:track:7hDVYcQq6MxkdJGweuCtl9,"ocean eyes","dont smile at me","Billie Eilish",2017-12-22,200379,83,false,31fk7r2twiddpapb5cqweuygxwky,2025-08-23T16:29:00Z,"","Darkroom",0.511,0.363,4,-7.65,0,0.041,0.816,0.0317,0.084,0.169,144.892,4
spotify:track:6Ec5LeRzkisa5KJtwLfOoW,"Am I Dreaming (Metro Boomin & A$AP Rocky, Roisee)","METRO BOOMIN PRESENTS SPIDER-MAN: ACROSS THE SPIDER-VERSE (SOUNDTRACK FROM AND INSPIRED BY THE MOTION PICTURE)","Metro Boomin;A$AP Rocky;Roisee",2023-06-02,256026,76,false,31fk7r2twiddpapb5cqweuygxwky,2025-08-29T17:13:47Z,"rap","Republic Records",0.6,0.537,9,-7.777,0,0.0362,0.0468,0.0038,0.206,0.126,90.061,4
spotify:track:0qWFmXLCsisEfVJzVyShfk,"YAD","YAD","Vanna Rainelle",2024-06-07,180793,72,false,31fk7r2twiddpapb5cqweuygxwky,2025-09-02T04:10:33Z,"dark r&b","Vanna Rainelle",0.565,0.333,7,-17.166,0,0.0464,0.274,0.0002,0.0791,0.237,74.981,4
spotify:track:7uH88hqUq0zh1Khx4xXMxq,"Callin' U (Tamally Maak)","WOLEDTO","Elyanna",2024-04-12,116492,67,false,31fk7r2twiddpapb5cqweuygxwky,2025-09-03T15:38:19Z,"","Elyanna",0.597,0.585,5,-4.724,0,0.0761,0.602,0.0000421,0.0872,0.449,89.969,4
spotify:track:5N3hjp1WNayUPZrA8kJmJP,"Please Please Please","Please Please Please","Sabrina Carpenter",2024-06-06,186365,79,true,31fk7r2twiddpapb5cqweuygxwky,2025-09-04T04:54:02Z,"pop","Island Records",0.669,0.586,9,-6.073,1,0.054,0.274,0,0.104,0.579,107.071,4
spotify:track:2yWlGEgEfPot0lv3OAjuG3,"Just Keep Watching (From F1® The Movie)","Just Keep Watching (From F1® The Movie)","Tate McRae;F1 The Album",2025-05-30,142550,90,false,31fk7r2twiddpapb5cqweuygxwky,2025-09-04T05:16:23Z,"","Atlantic Records",0.656,0.796,9,-5.856,0,0.113,0.0767,0,0.509,0.425,129.956,4
spotify:track:5Cp75TUMrHF6c8xbhdligS,"Golden","Golden (from the Netflix film KPop Demon Hunters)","HUNTR/X;EJAE;AUDREY NUNA;REI AMI;KPop Demon Hunters Cast",2025-06-19,194607,81,false,31fk7r2twiddpapb5cqweuygxwky,2025-09-04T05:54:08Z,"k-pop","K-Pop Demon Hunters",0.723,0.674,4,-4.515,0,0.0603,0.0998,0,0.267,0.0972,122.879,3
spotify:track:50kpGaPAhYJ3sGmk6vplg0,"Love Yourself","Purpose (Deluxe)","Justin Bieber",2015-11-13,233720,85,false,31fk7r2twiddpapb5cqweuygxwky,2025-09-04T19:24:30Z,"","RBMG/Def Jam",0.609,0.378,4,-9.828,1,0.438,0.835,0,0.28,0.515,100.43,4
spotify:track:2AX5E86cn9n2dgioZEjirI,"Golden Brown","La Folie","The Stranglers",1981,206760,81,false,31fk7r2twiddpapb5cqweuygxwky,2025-09-10T19:42:05Z,"proto-punk,new wave","Parlophone UK",0.562,0.383,6,-15.474,1,0.0304,0.143,0.124,0.138,0.599,93.764,3
spotify:track:42VUCXerQ5qTr4Qp6PhKo4,"Tears","Man’s Best Friend","Sabrina Carpenter",2025-08-29,160183,92,false,31fk7r2twiddpapb5cqweuygxwky,2025-09-11T04:31:51Z,"pop","Island Records",0.699,0.876,0,-4.855,1,0.0514,0.0204,0.000105,0.0307,0.485,113.036,4
spotify:track:1FwPQVMtOoNMZ2lRyd7FXa,"Under The Influence","Under The Influence","Chris Brown",2022-09-06,184203,46,true,31fk7r2twiddpapb5cqweuygxwky,2025-09-11T04:32:10Z,"r&b","Chris Brown Entertainment/RCA Records",0.753,0.576,9,-8.86,0,0.0358,0.0191,0.000119,0.238,0.38,116.928,4
spotify:track:7DY756WOLyOz2Xnhw4EFiC,"São Paulo (feat. Anitta)","Hurry Up Tomorrow","The Weeknd;Anitta",2025-01-31,301623,85,true,31fk7r2twiddpapb5cqweuygxwky,2025-09-16T03:13:03Z,"brazilian pop,funk pop,brazilian funk,funk carioca,pagode baiano","XO / Republic Records",0.538,0.658,5,-7.273,0,0.076,0.0385,0.000146,0.573,0.553,127.322,4
spotify:track:5nQA7m7xypeL7dFaGRwJO5,"Timro Pratiksa","Timro Pratiksa","Shallum Lama",2023-11-29,241616,58,false,31fk7r2twiddpapb5cqweuygxwky,2025-09-16T15:35:48Z,"","Sony Music Entertainment India Pvt. Ltd.",0.526,0.315,2,-13.191,1,0.0322,0.514,0.00000479,0.152,0.199,145.011,3
spotify:track:6Wobsw9uZ0D0xkfOjxXSq9,"Messy (From F1® The Movie)","Messy (From F1® The Movie)","ROSÉ;F1 The Album",2025-05-08,179055,80,false,31fk7r2twiddpapb5cqweuygxwky,2025-09-17T12:51:45Z,"k-pop","Atlantic Records",0.562,0.643,5,-5.739,1,0.0422,0.0442,0,0.0965,0.277,96.92,4
spotify:track:6zvHwijlnwqjS6d46yAffi,"Paro","Paro","Nej",2021-05-21,204695,62,false,31fk7r2twiddpapb5cqweuygxwky,2025-09-18T17:11:22Z,"french r&b,moroccan pop","Miel Noir",0.592,0.605,0,-6.159,0,0.0432,0.342,0.00012,0.103,0.419,81.98,4
spotify:track:3B4etxytImrRKQgV3XHjnR,"Harleys In Hawaii","Smile","Katy Perry",2020-08-28,185480,77,false,31fk7r2twiddpapb5cqweuygxwky,2025-10-08T04:01:26Z,"pop","Capitol Records",0.721,0.751,10,-6.203,0,0.125,0.162,0.00000659,0.118,0.738,140.095,4
spotify:track:5HCyWlXZPP0y6Gqq8TgA20,"STAY (with Justin Bieber)","STAY (with Justin Bieber)","The Kid LAROI;Justin Bieber",2021-07-09,141805,80,true,31fk7r2twiddpapb5cqweuygxwky,2025-10-10T03:44:56Z,"","Columbia",0.591,0.764,1,-5.484,1,0.0483,0.0383,0,0.103,0.478,169.928,4
spotify:track:3BomnHfqKZCdPJC9bkGBjE,"On My Way","World Of Walker","Alan Walker;Sabrina Carpenter;Farruko",2021-11-26,193959,70,true,31fk7r2twiddpapb5cqweuygxwky,2025-10-10T03:47:27Z,"pop,reggaeton,trap latino","Kreatell Music",0.522,0.697,1,-5.288,0,0.103,0.0291,0,0.319,0.235,169.775,4
spotify:track:4hyVrAsoKKjxAvQjPRt0ai,"Love Your Voice","Список твоих мыслей","JONY",2019-06-21,150329,69,false,31fk7r2twiddpapb5cqweuygxwky,2025-10-10T04:05:51Z,"","Atlantic Records Russia (Distribution)",0.608,0.83,9,-5.396,0,0.0956,0.597,0.0000034,0.118,0.211,91.088,4
spotify:track:2ogKhhoMClkFXek7ZgxAhN,"Shameless","Romance","Camila Cabello",2019-12-06,219742,81,false,31fk7r2twiddpapb5cqweuygxwky,2025-10-10T04:08:14Z,"","Syco Music/Epic",0.377,0.651,4,-5.437,0,0.0589,0.0197,0.0000531,0.174,0.0851,129.607,4
spotify:track:4WFfPxJv1KRekG6mxn837K,"EYES CLOSED (with ZAYN)","EYES CLOSED (with ZAYN)","JISOO;ZAYN",2025-10-10,181375,87,false,31fk7r2twiddpapb5cqweuygxwky,2025-10-10T17:30:05Z,"k-pop","Warner Records",0.556,0.737,11,-5.354,1,0.067,0.2,0,0.108,0.376,75.034,4
spotify:track:2nMeu6UenVvwUktBCpLMK9,"Young And Beautiful","Young And Beautiful","Lana Del Rey",2013-01-01,236053,87,false,31fk7r2twiddpapb5cqweuygxwky,2025-10-11T03:38:20Z,"","Polydor Records",0.324,0.416,11,-8.92,0,0.0368,0.262,0.0000369,0.11,0.151,113.986,4
spotify:track:2AnMndnV7XFk3VuuCPy6Zk,"Safari - Gritty Remix","Safari (Gritty Remix)","Serena;Gritty",2017,195515,49,false,31fk7r2twiddpapb5cqweuygxwky,2025-10-11T03:51:07Z,"","Roton Music",0.814,0.578,5,-6.612,0,0.0415,0.635,0.00134,0.123,0.262,102.971,4
spotify:track:1Bhm5HNO1cq8olDbBmokyL,"Copines","NAKAMURA","Aya Nakamura",2018-11-02,171720,74,false,31fk7r2twiddpapb5cqweuygxwky,2025-10-11T04:51:35Z,"french r&b,pop urbaine","Rec. 118",0.701,0.787,8,-3.941,0,0.0855,0.27,0,0.105,0.904,180.027,4
spotify:track:6TPpCbn9z0IY5Te048iy5R,"Your Love","AMORTAGE","JISOO",2025-02-14,173232,72,false,31fk7r2twiddpapb5cqweuygxwky,2025-10-11T14:13:42Z,"k-pop","Warner Records",0.692,0.723,8,-4.186,1,0.0359,0.0896,0.00000188,0.0814,0.43,105.906,4
spotify:track:3B54sVLJ402zGa6Xm4YGNe,"Unforgettable","Jungle Rules","French Montana;Swae Lee",2017-07-14,233901,85,true,31fk7r2twiddpapb5cqweuygxwky,2025-10-13T17:08:07Z,"","Bad Boy Entertainment/Epic Records",0.726,0.769,6,-5.043,1,0.123,0.0293,0.0101,0.104,0.733,97.985,4
spotify:track:7JJmb5XwzOO8jgpou264Ml,"There's Nothing Holdin' Me Back","Illuminate (Deluxe)","Shawn Mendes",2017-04-20,199440,86,false,31fk7r2twiddpapb5cqweuygxwky,2025-10-18T09:19:13Z,"","Island Records",0.866,0.811,11,-4.063,0,0.0553,0.375,0,0.078,0.969,121.995,4
spotify:track:5WQQIDU3HRaMyPkob8mpFb,"Where Have You Been","Talk That Talk","Rihanna",2011-11-18,242680,83,false,31fk7r2twiddpapb5cqweuygxwky,2025-10-19T10:11:15Z,"","Def Jam Recordings",0.719,0.847,0,-6.34,0,0.0919,0.00201,0.0204,0.221,0.443,127.96,4
spotify:track:1TbxAY9cb9MbvTifjcvSkJ,"this is what winter feels like","this is what winter feels like","JVKE",2024-01-12,194782,66,false,31fk7r2twiddpapb5cqweuygxwky,2025-10-19T10:28:14Z,"","JVKE",0.59,0.506,2,-5.7,1,0.0596,0.652,0.466,0.375,0.356,115.051,4
spotify:track:5GpfyJrKHJI36jDKtQiyGN,"Golden Brown","Golden Brown","The Stranglers",1981-12-28,206760,64,false,31fk7r2twiddpapb5cqweuygxwky,2025-10-19T10:29:01Z,"proto-punk,new wave","Rhino",0.563,0.383,6,-15.474,1,0.0305,0.144,0.116,0.138,0.589,93.751,3
spotify:track:0HihDC6qQ8MChAhjfW3gMU,"KU LO SA (with Camila Cabello)","KU LO SA (with Camila Cabello)","Oxlade;Camila Cabello",2022-12-09,148800,68,false,31fk7r2twiddpapb5cqweuygxwky,2025-10-20T05:28:53Z,"afrobeats,afrobeat,afropop,afro r&b,alté,afro soul,afroswing,afropiano","Troniq Inc",0.585,0.641,10,-5.053,0,0.085,0.631,0,0.2,0.828,93.058,4
spotify:track:0WW5RwxCofx9vPQWOIcahc,"Queen Of The Night (From ""Lokah - Chapter 1: Chandra"")","Queen Of The Night (From ""Lokah - Chapter 1: Chandra"")","Jakes Bejoy;Zeba Tommy",2025-09-18,209764,59,false,31fk7r2twiddpapb5cqweuygxwky,2025-10-20T08:02:03Z,"malayalam pop,mollywood,malayalam hip hop","Wayfarer Films Private Limited",0.556,0.462,2,-9.124,1,0.0299,0.122,0.00102,0.128,0.308,76.011,4
spotify:track:45JYEmfoWSpCA3Paut7YXE,"MIDDLE OF THE NIGHT","PHOENIX","Elley Duhé",2023-10-27,184453,73,false,31fk7r2twiddpapb5cqweuygxwky,2025-10-21T13:47:25Z,"","Not Fit For Society",0.528,0.659,4,-6.942,0,0.0386,0.0279,0,0.12,0.102,92.823,3
spotify:track:36brujMXvK6VR869nQwKZB,"Wasted - Nightcore","Wasted (Instrumental)","Murkish;Huken;harmony haven",2024-12-29,196080,50,false,31fk7r2twiddpapb5cqweuygxwky,2025-10-22T09:02:19Z,"witch house","Harmony Haven",0.545,0.862,5,-4.43,1,0.033,0.0056,0.438,0.157,0.394,94.253,4
spotify:track:4WFgvKVfEhb3IUAFGrutTR,"Love Me Not","Bird's Eye","Ravyn Lenae",2024-08-09,213466,89,false,31fk7r2twiddpapb5cqweuygxwky,2025-10-23T14:40:59Z,"alternative r&b,indie soul","Atlantic Records",0.779,0.731,0,-6.176,1,0.0306,0.296,0,0.128,0.814,114.001,4
spotify:track:19ItuvrZfTudwC6S5lkDH3,"The Machine","The Machine","Reed Wonder;Aurora Olivas",2023-03-17,192000,74,false,31fk7r2twiddpapb5cqweuygxwky,2025-10-23T15:33:37Z,"dark r&b","broke",0.339,0.437,10,-11.554,0,0.0587,0.254,0.00504,0.0742,0.102,99.819,4
